{"files":{"logo-5b9e8979cf08e871099c08376df9708e.png":{"logical_path":"logo.png","mtime":"2014-02-07T07:10:36-08:00","size":60645,"digest":"5b9e8979cf08e871099c08376df9708e"},"rails-4c94998172307d81407ed7b88dc57530.png":{"logical_path":"rails.png","mtime":"2014-02-02T08:08:29-08:00","size":6646,"digest":"4c94998172307d81407ed7b88dc57530"},"trebek-13c1793ad214f0d4848d4758212e798f.png":{"logical_path":"trebek.png","mtime":"2014-02-09T12:57:13-08:00","size":41472,"digest":"13c1793ad214f0d4848d4758212e798f"},"application-e2749798eb62346ff174e618abf3d234.js":{"logical_path":"application.js","mtime":"2014-02-09T22:21:12-08:00","size":453796,"digest":"e2749798eb62346ff174e618abf3d234"},"application-88d87c343c92245861afb2e915de2c8a.css":{"logical_path":"application.css","mtime":"2014-02-09T22:26:50-08:00","size":128089,"digest":"88d87c343c92245861afb2e915de2c8a"},"fontawesome-webfont-8aecc00cbd291f005b5c15cf0992471e.eot":{"logical_path":"fontawesome-webfont.eot","mtime":"2014-02-02T09:04:31-08:00","size":37405,"digest":"8aecc00cbd291f005b5c15cf0992471e"},"fontawesome-webfont-acd43ab7dafae34a1793d5dc5c8d6894.svg":{"logical_path":"fontawesome-webfont.svg","mtime":"2014-02-02T09:04:31-08:00","size":197829,"digest":"acd43ab7dafae34a1793d5dc5c8d6894"},"fontawesome-webfont-f90dc3ae902a8c2c2b08ee0b80424842.ttf":{"logical_path":"fontawesome-webfont.ttf","mtime":"2014-02-02T09:04:31-08:00","size":79076,"digest":"f90dc3ae902a8c2c2b08ee0b80424842"},"fontawesome-webfont-edb7ef930087b47dc532ada0f2842289.woff":{"logical_path":"fontawesome-webfont.woff","mtime":"2014-02-02T09:04:31-08:00","size":43572,"digest":"edb7ef930087b47dc532ada0f2842289"},"twitter/bootstrap/glyphicons-halflings-white-36c844d71439ca28b8b25f29b043b09b.png":{"logical_path":"twitter/bootstrap/glyphicons-halflings-white.png","mtime":"2014-02-02T09:04:31-08:00","size":8777,"digest":"36c844d71439ca28b8b25f29b043b09b"},"twitter/bootstrap/glyphicons-halflings-59a9312abee351a8315f6f95b1799b7f.png":{"logical_path":"twitter/bootstrap/glyphicons-halflings.png","mtime":"2014-02-02T09:04:31-08:00","size":12799,"digest":"59a9312abee351a8315f6f95b1799b7f"},"bootstrap/glyphicons-halflings-regular-d3a35efa6af6e17285d4a029ad558789.eot":{"logical_path":"bootstrap/glyphicons-halflings-regular.eot","mtime":"2014-02-07T06:45:17-08:00","size":20290,"digest":"d3a35efa6af6e17285d4a029ad558789"},"bootstrap/glyphicons-halflings-regular-6a451f2c793f09bcc0d62fd8e9a409d4.svg":{"logical_path":"bootstrap/glyphicons-halflings-regular.svg","mtime":"2014-02-07T06:45:17-08:00","size":62850,"digest":"6a451f2c793f09bcc0d62fd8e9a409d4"},"bootstrap/glyphicons-halflings-regular-2276e78be6f4b8575db685b8c76ed14d.ttf":{"logical_path":"bootstrap/glyphicons-halflings-regular.ttf","mtime":"2014-02-07T06:45:17-08:00","size":41236,"digest":"2276e78be6f4b8575db685b8c76ed14d"},"bootstrap/glyphicons-halflings-regular-3ccb238ef2f6e555db31960081cae4b0.woff":{"logical_path":"bootstrap/glyphicons-halflings-regular.woff","mtime":"2014-02-07T06:45:17-08:00","size":23292,"digest":"3ccb238ef2f6e555db31960081cae4b0"},"application-491e9df05f04d4a892179d2451f3f52d.css":{"logical_path":"application.css","mtime":"2014-02-09T22:36:15-08:00","size":254576,"digest":"491e9df05f04d4a892179d2451f3f52d"},"logo-c005ea061871cc940c4caaf0df46dd0a.png":{"logical_path":"logo.png","mtime":"2014-02-07T07:10:36-08:00","size":60645,"digest":"c005ea061871cc940c4caaf0df46dd0a"},"rails-f01dcd1a34619a1e14ed158d9a7145c6.png":{"logical_path":"rails.png","mtime":"2014-02-02T08:08:29-08:00","size":6646,"digest":"f01dcd1a34619a1e14ed158d9a7145c6"},"trebek-f931b56996a6811be18671e4b4e2fc95.png":{"logical_path":"trebek.png","mtime":"2014-02-09T12:57:13-08:00","size":41472,"digest":"f931b56996a6811be18671e4b4e2fc95"},"application-e5afce5c8c3ce9a61e29486d455a34cf.js":{"logical_path":"application.js","mtime":"2014-02-09T22:21:12-08:00","size":453796,"digest":"e5afce5c8c3ce9a61e29486d455a34cf"},"application-59afcf63b8cf7da31f8653b730199756.css":{"logical_path":"application.css","mtime":"2014-02-10T20:15:54-08:00","size":25,"digest":"59afcf63b8cf7da31f8653b730199756"},"fontawesome-webfont-f937c8f95515621a79f3898f731156e3.eot":{"logical_path":"fontawesome-webfont.eot","mtime":"2014-02-02T09:04:31-08:00","size":37405,"digest":"f937c8f95515621a79f3898f731156e3"},"fontawesome-webfont-02ff47afa1adbcff9976637a588ed499.svg":{"logical_path":"fontawesome-webfont.svg","mtime":"2014-02-02T09:04:31-08:00","size":197829,"digest":"02ff47afa1adbcff9976637a588ed499"},"fontawesome-webfont-6b427e530be7cb2ad69131f2e573932f.ttf":{"logical_path":"fontawesome-webfont.ttf","mtime":"2014-02-02T09:04:31-08:00","size":79076,"digest":"6b427e530be7cb2ad69131f2e573932f"},"fontawesome-webfont-0e7dd4c06217d7eb932e0008930829ee.woff":{"logical_path":"fontawesome-webfont.woff","mtime":"2014-02-02T09:04:31-08:00","size":43572,"digest":"0e7dd4c06217d7eb932e0008930829ee"},"twitter/bootstrap/glyphicons-halflings-white-cee5f3e9ae50270d72cb2443d48051c8.png":{"logical_path":"twitter/bootstrap/glyphicons-halflings-white.png","mtime":"2014-02-02T09:04:31-08:00","size":8777,"digest":"cee5f3e9ae50270d72cb2443d48051c8"},"twitter/bootstrap/glyphicons-halflings-9c185be14b16410cdaaeb1b03263097d.png":{"logical_path":"twitter/bootstrap/glyphicons-halflings.png","mtime":"2014-02-02T09:04:31-08:00","size":12799,"digest":"9c185be14b16410cdaaeb1b03263097d"},"application-e30ad19ff0b044959a65619897cfa26c.css":{"logical_path":"application.css","mtime":"2014-02-10T20:16:25-08:00","size":574,"digest":"e30ad19ff0b044959a65619897cfa26c"},"application-ce12944045840f6db64d494ecadedbe2.css":{"logical_path":"application.css","mtime":"2014-02-10T20:43:14-08:00","size":2497,"digest":"ce12944045840f6db64d494ecadedbe2"},"global-5719495b62d148e3b8776864adbe4f21.css":{"logical_path":"global.css","mtime":"2014-02-10T20:43:14-08:00","size":910,"digest":"5719495b62d148e3b8776864adbe4f21"},"logo-509146c2be89432959ebdb034c0d8214.png":{"logical_path":"logo.png","mtime":"2014-02-07T07:10:36-08:00","size":60645,"digest":"509146c2be89432959ebdb034c0d8214"},"rails-e9aa91fd999600b24806010018a81909.png":{"logical_path":"rails.png","mtime":"2014-02-02T08:08:29-08:00","size":6646,"digest":"e9aa91fd999600b24806010018a81909"},"trebek-2b54e566177a8a963a72a2fd449ce977.png":{"logical_path":"trebek.png","mtime":"2014-02-09T12:57:13-08:00","size":41472,"digest":"2b54e566177a8a963a72a2fd449ce977"},"application-53a00ac4babe6f7ab794588cb4e78b75.js":{"logical_path":"application.js","mtime":"2014-02-09T22:21:12-08:00","size":453796,"digest":"53a00ac4babe6f7ab794588cb4e78b75"},"application-a25c2c0a6b2f9d3a652060b9569d8747.css":{"logical_path":"application.css","mtime":"2014-02-10T21:38:15-08:00","size":2497,"digest":"a25c2c0a6b2f9d3a652060b9569d8747"},"global-9c0060ebf21531153d13e2a1c6070b9a.css":{"logical_path":"global.css","mtime":"2014-02-10T20:43:14-08:00","size":910,"digest":"9c0060ebf21531153d13e2a1c6070b9a"},"fontawesome-webfont-c9e3074df3392c7d53ba93122e9a876f.eot":{"logical_path":"fontawesome-webfont.eot","mtime":"2014-02-02T09:04:31-08:00","size":37405,"digest":"c9e3074df3392c7d53ba93122e9a876f"},"fontawesome-webfont-58bbbd2f69c8982fc346a331a1b7bb07.svg":{"logical_path":"fontawesome-webfont.svg","mtime":"2014-02-02T09:04:31-08:00","size":197829,"digest":"58bbbd2f69c8982fc346a331a1b7bb07"},"fontawesome-webfont-611325a8a316090af949061d7a00a3ab.ttf":{"logical_path":"fontawesome-webfont.ttf","mtime":"2014-02-02T09:04:31-08:00","size":79076,"digest":"611325a8a316090af949061d7a00a3ab"},"fontawesome-webfont-526fa1f95617d2eff02ab77c618f7048.woff":{"logical_path":"fontawesome-webfont.woff","mtime":"2014-02-02T09:04:31-08:00","size":43572,"digest":"526fa1f95617d2eff02ab77c618f7048"},"twitter/bootstrap/glyphicons-halflings-white-8ca0c187a740f6654994450852164f50.png":{"logical_path":"twitter/bootstrap/glyphicons-halflings-white.png","mtime":"2014-02-02T09:04:31-08:00","size":8777,"digest":"8ca0c187a740f6654994450852164f50"},"twitter/bootstrap/glyphicons-halflings-3ab7b65f3558ad839313706823783595.png":{"logical_path":"twitter/bootstrap/glyphicons-halflings.png","mtime":"2014-02-02T09:04:31-08:00","size":12799,"digest":"3ab7b65f3558ad839313706823783595"},"bootstrap/glyphicons-halflings-regular-ededabcdec54b09745af5e7315eaee97.eot":{"logical_path":"bootstrap/glyphicons-halflings-regular.eot","mtime":"2014-02-07T06:45:17-08:00","size":20290,"digest":"ededabcdec54b09745af5e7315eaee97"},"bootstrap/glyphicons-halflings-regular-3cb707d7b74c186655483e431a4e30fb.svg":{"logical_path":"bootstrap/glyphicons-halflings-regular.svg","mtime":"2014-02-07T06:45:17-08:00","size":62850,"digest":"3cb707d7b74c186655483e431a4e30fb"},"bootstrap/glyphicons-halflings-regular-8e4aa392f17eeb187f7ea64dfe1fc1f3.ttf":{"logical_path":"bootstrap/glyphicons-halflings-regular.ttf","mtime":"2014-02-07T06:45:17-08:00","size":41236,"digest":"8e4aa392f17eeb187f7ea64dfe1fc1f3"},"bootstrap/glyphicons-halflings-regular-54fda9373d20a5313d85163f9acefbe7.woff":{"logical_path":"bootstrap/glyphicons-halflings-regular.woff","mtime":"2014-02-07T06:45:17-08:00","size":23292,"digest":"54fda9373d20a5313d85163f9acefbe7"},"global-8894cbb5fda81ec8d664321e29cf20a8.css":{"logical_path":"global.css","mtime":"2014-02-10T20:59:46-08:00","size":882,"digest":"8894cbb5fda81ec8d664321e29cf20a8"},"bootstrap-22e2f097881444f3499df41d17af3c16.css":{"logical_path":"bootstrap.css","mtime":"2014-02-07T06:45:17-08:00","size":125625,"digest":"22e2f097881444f3499df41d17af3c16"},"application-0395cbf10fc21e5baa442dce010850a5.css":{"logical_path":"application.css","mtime":"2014-02-10T21:04:19-08:00","size":2469,"digest":"0395cbf10fc21e5baa442dce010850a5"},"global-43707afbc5b59bddcaefbc9d59340b68.css":{"logical_path":"global.css","mtime":"2014-02-10T21:04:19-08:00","size":882,"digest":"43707afbc5b59bddcaefbc9d59340b68"},"application-e4155d3799e8ce038d11f7b5ad0cb846.js":{"logical_path":"application.js","mtime":"2014-02-10T21:39:29-08:00","size":391799,"digest":"e4155d3799e8ce038d11f7b5ad0cb846"},"bootstrap/glyphicons-halflings-regular-7e4b37ef64236b37d68c8c6569ab08dc.eot":{"logical_path":"bootstrap/glyphicons-halflings-regular.eot","mtime":"2014-02-07T06:45:17-08:00","size":20290,"digest":"7e4b37ef64236b37d68c8c6569ab08dc"},"bootstrap/glyphicons-halflings-regular-da6d59ecbe4fabebfd4db415acf12b3a.svg":{"logical_path":"bootstrap/glyphicons-halflings-regular.svg","mtime":"2014-02-07T06:45:17-08:00","size":62850,"digest":"da6d59ecbe4fabebfd4db415acf12b3a"},"bootstrap/glyphicons-halflings-regular-69afea0315fb36abee99356182688c11.ttf":{"logical_path":"bootstrap/glyphicons-halflings-regular.ttf","mtime":"2014-02-07T06:45:17-08:00","size":41236,"digest":"69afea0315fb36abee99356182688c11"},"bootstrap/glyphicons-halflings-regular-cd0a8361f3bc2ba5aa13273921a3f72a.woff":{"logical_path":"bootstrap/glyphicons-halflings-regular.woff","mtime":"2014-02-07T06:45:17-08:00","size":23292,"digest":"cd0a8361f3bc2ba5aa13273921a3f72a"},"bootstrap-955e2509449e6340043ba184513445f3.css":{"logical_path":"bootstrap.css","mtime":"2014-02-07T06:45:17-08:00","size":101900,"digest":"955e2509449e6340043ba184513445f3"},"application-9896f52987ec70277bf2823ce012183e.js":{"logical_path":"application.js","mtime":"2014-02-10T21:20:44-08:00","size":391800,"digest":"9896f52987ec70277bf2823ce012183e"},"application-b3300bee2fb6ac10faae531d6b0d1836.js":{"logical_path":"application.js","mtime":"2014-02-10T21:20:44-08:00","size":391800,"digest":"b3300bee2fb6ac10faae531d6b0d1836"},"application-12dd6868c85ece9607eff041cc9a5b68.css":{"logical_path":"application.css","mtime":"2014-02-10T21:31:42-08:00","size":2444,"digest":"12dd6868c85ece9607eff041cc9a5b68"},"application-f13db44e5d788882b64d7ac55f2ee5dd.css":{"logical_path":"application.css","mtime":"2014-02-10T21:31:42-08:00","size":1532,"digest":"f13db44e5d788882b64d7ac55f2ee5dd"},"api-16ce7242c2f4a48cf0b9210865d66902.js":{"logical_path":"api.js","mtime":"2014-02-07T07:21:35-08:00","size":31,"digest":"16ce7242c2f4a48cf0b9210865d66902"},"bootstrap-aa6bdc67a9ab2e2368c8e8cd18405a47.js":{"logical_path":"bootstrap.js","mtime":"2014-02-02T09:10:40-08:00","size":165,"digest":"aa6bdc67a9ab2e2368c8e8cd18405a47"},"categories-16ce7242c2f4a48cf0b9210865d66902.js":{"logical_path":"categories.js","mtime":"2014-02-02T09:53:47-08:00","size":31,"digest":"16ce7242c2f4a48cf0b9210865d66902"},"clues-16ce7242c2f4a48cf0b9210865d66902.js":{"logical_path":"clues.js","mtime":"2014-02-02T08:52:32-08:00","size":31,"digest":"16ce7242c2f4a48cf0b9210865d66902"},"game_ids-16ce7242c2f4a48cf0b9210865d66902.js":{"logical_path":"game_ids.js","mtime":"2014-02-02T11:50:43-08:00","size":31,"digest":"16ce7242c2f4a48cf0b9210865d66902"},"handlebars-v1.3.0-24b5ba39f9c8f7fdb900b1314bc3cf95.js":{"logical_path":"handlebars-v1.3.0.js","mtime":"2014-02-07T07:27:41-08:00","size":89668,"digest":"24b5ba39f9c8f7fdb900b1314bc3cf95"},"index-9ad915f9ecc57b556fd4e462122c1367.js":{"logical_path":"index.js","mtime":"2014-02-09T22:21:12-08:00","size":607,"digest":"9ad915f9ecc57b556fd4e462122c1367"},"levenshtein-570625e221a6d7f3a9b8c6c5504042a2.js":{"logical_path":"levenshtein.js","mtime":"2014-02-07T07:42:52-08:00","size":2130,"digest":"570625e221a6d7f3a9b8c6c5504042a2"},"api-d22b212fc5157bc70bafd45a7bad2a1c.css":{"logical_path":"api.css","mtime":"2014-02-07T07:21:35-08:00","size":0,"digest":"d22b212fc5157bc70bafd45a7bad2a1c"},"categories-d22b212fc5157bc70bafd45a7bad2a1c.css":{"logical_path":"categories.css","mtime":"2014-02-02T09:53:47-08:00","size":0,"digest":"d22b212fc5157bc70bafd45a7bad2a1c"},"clues-d22b212fc5157bc70bafd45a7bad2a1c.css":{"logical_path":"clues.css","mtime":"2014-02-02T08:52:32-08:00","size":0,"digest":"d22b212fc5157bc70bafd45a7bad2a1c"},"game_ids-d22b212fc5157bc70bafd45a7bad2a1c.css":{"logical_path":"game_ids.css","mtime":"2014-02-02T11:50:43-08:00","size":0,"digest":"d22b212fc5157bc70bafd45a7bad2a1c"},"index-d22b212fc5157bc70bafd45a7bad2a1c.css":{"logical_path":"index.css","mtime":"2014-02-07T06:07:16-08:00","size":0,"digest":"d22b212fc5157bc70bafd45a7bad2a1c"},"scaffolds-ad67eb7c411347a53ab853f5913c1464.css":{"logical_path":"scaffolds.css","mtime":"2014-02-02T08:52:32-08:00","size":811,"digest":"ad67eb7c411347a53ab853f5913c1464"},"jquery-805b03f9f8eb1d7aad9253666f7fbb60.js":{"logical_path":"jquery.js","mtime":"2014-02-02T08:08:46-08:00","size":282945,"digest":"805b03f9f8eb1d7aad9253666f7fbb60"},"jquery.min-87e36f975b304999f7eac4186d80177b.js":{"logical_path":"jquery.min.js","mtime":"2014-02-02T08:08:46-08:00","size":96382,"digest":"87e36f975b304999f7eac4186d80177b"},"jquery.min-6f494bdec75b3b6b59a71f3c185a0e67.map":{"logical_path":"jquery.min.map","mtime":"2014-02-02T08:08:46-08:00","size":142391,"digest":"6f494bdec75b3b6b59a71f3c185a0e67"},"jquery_ujs-2187635e66fd7fa15c4f072dad5b462d.js":{"logical_path":"jquery_ujs.js","mtime":"2014-02-02T08:08:46-08:00","size":15575,"digest":"2187635e66fd7fa15c4f072dad5b462d"},"application-c493130c5a9b4545a39e59dc621a7e3d.css":{"logical_path":"application.css","mtime":"2014-02-10T21:38:15-08:00","size":1583,"digest":"c493130c5a9b4545a39e59dc621a7e3d"},"global-869702880c47b772ba0078badc274e9e.css":{"logical_path":"global.css","mtime":"2014-02-10T21:38:15-08:00","size":749,"digest":"869702880c47b772ba0078badc274e9e"},"application-206d6841e71b030c9452418215a46b03.js":{"logical_path":"application.js","mtime":"2014-02-10T21:47:10-08:00","size":391799,"digest":"206d6841e71b030c9452418215a46b03"},"application-f5d23c3bd5d570c5f0cc8794e367874f.js":{"logical_path":"application.js","mtime":"2014-02-10T21:50:28-08:00","size":391634,"digest":"f5d23c3bd5d570c5f0cc8794e367874f"},"bootstrap-41966ec69781d82eeb13d7d4263ee13e.js":{"logical_path":"bootstrap.js","mtime":"2014-02-07T06:45:17-08:00","size":55002,"digest":"41966ec69781d82eeb13d7d4263ee13e"},"trebek_small-ed7a8b4286b5d8e33b317388afa8e972.png":{"logical_path":"trebek_small.png","mtime":"2014-02-11T22:34:15-08:00","size":4702,"digest":"ed7a8b4286b5d8e33b317388afa8e972"},"application-5e1bc36fb30e9d4db98d9f4058abb70a.js":{"logical_path":"application.js","mtime":"2014-02-12T12:39:38-08:00","size":415797,"digest":"5e1bc36fb30e9d4db98d9f4058abb70a"},"application-10181136e2a9c198d5ab1cf04af9c9dd.css":{"logical_path":"application.css","mtime":"2014-02-11T23:19:03-08:00","size":2697,"digest":"10181136e2a9c198d5ab1cf04af9c9dd"},"application-31f0e0a39082ddd3e63260fc5b9a82b4.css":{"logical_path":"application.css","mtime":"2014-02-12T12:41:10-08:00","size":2827,"digest":"31f0e0a39082ddd3e63260fc5b9a82b4"},"application-ffcf2068a1a3cf1736b52251ec2b5856.js":{"logical_path":"application.js","mtime":"2014-02-12T12:44:33-08:00","size":415798,"digest":"ffcf2068a1a3cf1736b52251ec2b5856"},"application-4259a880678f056fa4ca8c75e62acb16.js":{"logical_path":"application.js","mtime":"2014-02-12T12:46:39-08:00","size":444661,"digest":"4259a880678f056fa4ca8c75e62acb16"},"application-ff48fb7722ccb83a95db0b1d03af25f4.js":{"logical_path":"application.js","mtime":"2014-02-12T12:50:57-08:00","size":470712,"digest":"ff48fb7722ccb83a95db0b1d03af25f4"},"application-84d360dee4fd0cdc26ce6f0eb39eb35f.css":{"logical_path":"application.css","mtime":"2014-02-12T13:29:27-08:00","size":2829,"digest":"84d360dee4fd0cdc26ce6f0eb39eb35f"},"logo-9418d78c86d16bdc78c2695e5b9da572.png":{"logical_path":"logo.png","mtime":"2015-01-20T17:23:28-08:00","size":60645,"digest":"9418d78c86d16bdc78c2695e5b9da572"},"rails-d4755aa3f842df2051012da0fb0d0dd8.png":{"logical_path":"rails.png","mtime":"2015-01-20T17:23:28-08:00","size":6646,"digest":"d4755aa3f842df2051012da0fb0d0dd8"},"trebek-503ecf6eafde622b2c3e2dfebb13cc30.png":{"logical_path":"trebek.png","mtime":"2015-01-20T17:23:28-08:00","size":41472,"digest":"503ecf6eafde622b2c3e2dfebb13cc30"},"trebek_small-e47279ff1ed9f42fcdc2fd29cf197742.png":{"logical_path":"trebek_small.png","mtime":"2015-01-20T17:23:28-08:00","size":4702,"digest":"e47279ff1ed9f42fcdc2fd29cf197742"},"api-3fb681d16e2f4ff18312f47963265585.js":{"logical_path":"api.js","mtime":"2015-01-20T17:23:28-08:00","size":31,"digest":"3fb681d16e2f4ff18312f47963265585"},"application-3440abf71f69ddaad935f9f030b8aab0.js":{"logical_path":"application.js","mtime":"2015-02-03T22:07:06-08:00","size":476765,"digest":"3440abf71f69ddaad935f9f030b8aab0"},"categories-3fb681d16e2f4ff18312f47963265585.js":{"logical_path":"categories.js","mtime":"2015-01-20T17:23:28-08:00","size":31,"digest":"3fb681d16e2f4ff18312f47963265585"},"clues-a075b75193c5e2a5f5f0da0317cc16f5.js":{"logical_path":"clues.js","mtime":"2015-02-01T12:14:15-08:00","size":255,"digest":"a075b75193c5e2a5f5f0da0317cc16f5"},"game_ids-3fb681d16e2f4ff18312f47963265585.js":{"logical_path":"game_ids.js","mtime":"2015-01-20T17:23:28-08:00","size":31,"digest":"3fb681d16e2f4ff18312f47963265585"},"handlebars-helpers-0238a9fb7d0e98a82832c1240aa89c6e.js":{"logical_path":"handlebars-helpers.js","mtime":"2015-01-20T17:23:28-08:00","size":210,"digest":"0238a9fb7d0e98a82832c1240aa89c6e"},"handlebars-v1.3.0-a8ae406a4dc9bd11da913fcfff1c801a.js":{"logical_path":"handlebars-v1.3.0.js","mtime":"2015-01-20T17:23:28-08:00","size":89668,"digest":"a8ae406a4dc9bd11da913fcfff1c801a"},"index-a92afaa983331ab07554b3c08aa004b4.js":{"logical_path":"index.js","mtime":"2015-02-03T22:07:06-08:00","size":1623,"digest":"a92afaa983331ab07554b3c08aa004b4"},"moment.min-6e9d968800a5a20fd512be23852ddcc7.js":{"logical_path":"moment.min.js","mtime":"2015-01-20T17:23:28-08:00","size":26050,"digest":"6e9d968800a5a20fd512be23852ddcc7"},"popular-3fb681d16e2f4ff18312f47963265585.js":{"logical_path":"popular.js","mtime":"2015-01-20T17:23:28-08:00","size":31,"digest":"3fb681d16e2f4ff18312f47963265585"},"api-347884c503365e27df4fde0c7a2c7454.css":{"logical_path":"api.css","mtime":"2015-01-20T17:23:28-08:00","size":0,"digest":"347884c503365e27df4fde0c7a2c7454"},"application-15bbd555a5037ec788795605d8e36f4f.css":{"logical_path":"application.css","mtime":"2015-02-01T12:14:40-08:00","size":2032,"digest":"15bbd555a5037ec788795605d8e36f4f"},"categories-347884c503365e27df4fde0c7a2c7454.css":{"logical_path":"categories.css","mtime":"2015-01-20T17:23:28-08:00","size":0,"digest":"347884c503365e27df4fde0c7a2c7454"},"clues-347884c503365e27df4fde0c7a2c7454.css":{"logical_path":"clues.css","mtime":"2015-01-20T17:23:28-08:00","size":0,"digest":"347884c503365e27df4fde0c7a2c7454"},"game_ids-347884c503365e27df4fde0c7a2c7454.css":{"logical_path":"game_ids.css","mtime":"2015-01-20T17:23:28-08:00","size":0,"digest":"347884c503365e27df4fde0c7a2c7454"},"global-621deb2f5f5bedf2a0a47619fafc1f05.css":{"logical_path":"global.css","mtime":"2015-02-01T12:14:40-08:00","size":1198,"digest":"621deb2f5f5bedf2a0a47619fafc1f05"},"index-347884c503365e27df4fde0c7a2c7454.css":{"logical_path":"index.css","mtime":"2015-01-20T17:23:28-08:00","size":0,"digest":"347884c503365e27df4fde0c7a2c7454"},"popular-347884c503365e27df4fde0c7a2c7454.css":{"logical_path":"popular.css","mtime":"2015-01-20T17:23:28-08:00","size":0,"digest":"347884c503365e27df4fde0c7a2c7454"},"scaffolds-f28fb65ec9f3a798bfadfa2fb1973bd9.css":{"logical_path":"scaffolds.css","mtime":"2015-01-20T17:23:28-08:00","size":811,"digest":"f28fb65ec9f3a798bfadfa2fb1973bd9"},"bootstrap/glyphicons-halflings-regular-421c7677c5dc1caaf71623a0a4a0e180.eot":{"logical_path":"bootstrap/glyphicons-halflings-regular.eot","mtime":"2015-01-20T18:31:21-08:00","size":20335,"digest":"421c7677c5dc1caaf71623a0a4a0e180"},"bootstrap/glyphicons-halflings-regular-22b77affcbdd1ac9bc994a2b437084c2.svg":{"logical_path":"bootstrap/glyphicons-halflings-regular.svg","mtime":"2015-01-20T18:31:21-08:00","size":62927,"digest":"22b77affcbdd1ac9bc994a2b437084c2"},"bootstrap/glyphicons-halflings-regular-be286472336f205d1e973664fafc1474.ttf":{"logical_path":"bootstrap/glyphicons-halflings-regular.ttf","mtime":"2015-01-20T18:31:21-08:00","size":41280,"digest":"be286472336f205d1e973664fafc1474"},"bootstrap/glyphicons-halflings-regular-1d9ec9af00526e259b5af289d34df919.woff":{"logical_path":"bootstrap/glyphicons-halflings-regular.woff","mtime":"2015-01-20T18:31:21-08:00","size":23320,"digest":"1d9ec9af00526e259b5af289d34df919"},"bootstrap-61e8a353ea3de64dc8b9bfa58ef75ae2.js":{"logical_path":"bootstrap.js","mtime":"2015-01-20T18:31:21-08:00","size":58026,"digest":"61e8a353ea3de64dc8b9bfa58ef75ae2"},"_bootstrap-mincer-347884c503365e27df4fde0c7a2c7454.css":{"logical_path":"_bootstrap-mincer.css","mtime":"2015-01-20T18:31:21-08:00","size":0,"digest":"347884c503365e27df4fde0c7a2c7454"},"bootstrap-3278db30d356edac6c10df1dfb1f750d.css":{"logical_path":"bootstrap.css","mtime":"2015-01-20T18:31:21-08:00","size":109293,"digest":"3278db30d356edac6c10df1dfb1f750d"},"jquery-2d990d8d6035a22c7e521acd94752c13.js":{"logical_path":"jquery.js","mtime":"2015-01-20T18:31:24-08:00","size":282767,"digest":"2d990d8d6035a22c7e521acd94752c13"},"jquery.min-1ef2f7f3e47c333863ae71129ee73533.js":{"logical_path":"jquery.min.js","mtime":"2015-01-20T18:31:24-08:00","size":95825,"digest":"1ef2f7f3e47c333863ae71129ee73533"},"jquery.min-7e3386565faaaeffc85d4e0a15ed56cf.map":{"logical_path":"jquery.min.map","mtime":"2015-01-20T18:31:24-08:00","size":141666,"digest":"7e3386565faaaeffc85d4e0a15ed56cf"},"jquery_ujs-47068a2703ae9daefde34c1070c12489.js":{"logical_path":"jquery_ujs.js","mtime":"2015-01-20T18:31:24-08:00","size":17510,"digest":"47068a2703ae9daefde34c1070c12489"}},"assets":{"logo.png":"logo-9418d78c86d16bdc78c2695e5b9da572.png","rails.png":"rails-d4755aa3f842df2051012da0fb0d0dd8.png","trebek.png":"trebek-503ecf6eafde622b2c3e2dfebb13cc30.png","application.js":"application-3440abf71f69ddaad935f9f030b8aab0.js","application.css":"application-15bbd555a5037ec788795605d8e36f4f.css","fontawesome-webfont.eot":"fontawesome-webfont-f937c8f95515621a79f3898f731156e3.eot","fontawesome-webfont.svg":"fontawesome-webfont-02ff47afa1adbcff9976637a588ed499.svg","fontawesome-webfont.ttf":"fontawesome-webfont-6b427e530be7cb2ad69131f2e573932f.ttf","fontawesome-webfont.woff":"fontawesome-webfont-0e7dd4c06217d7eb932e0008930829ee.woff","twitter/bootstrap/glyphicons-halflings-white.png":"twitter/bootstrap/glyphicons-halflings-white-cee5f3e9ae50270d72cb2443d48051c8.png","twitter/bootstrap/glyphicons-halflings.png":"twitter/bootstrap/glyphicons-halflings-9c185be14b16410cdaaeb1b03263097d.png","bootstrap/glyphicons-halflings-regular.eot":"bootstrap/glyphicons-halflings-regular-421c7677c5dc1caaf71623a0a4a0e180.eot","bootstrap/glyphicons-halflings-regular.svg":"bootstrap/glyphicons-halflings-regular-22b77affcbdd1ac9bc994a2b437084c2.svg","bootstrap/glyphicons-halflings-regular.ttf":"bootstrap/glyphicons-halflings-regular-be286472336f205d1e973664fafc1474.ttf","bootstrap/glyphicons-halflings-regular.woff":"bootstrap/glyphicons-halflings-regular-1d9ec9af00526e259b5af289d34df919.woff","global.css":"global-621deb2f5f5bedf2a0a47619fafc1f05.css","bootstrap.css":"bootstrap-3278db30d356edac6c10df1dfb1f750d.css","api.js":"api-3fb681d16e2f4ff18312f47963265585.js","bootstrap.js":"bootstrap-61e8a353ea3de64dc8b9bfa58ef75ae2.js","categories.js":"categories-3fb681d16e2f4ff18312f47963265585.js","clues.js":"clues-a075b75193c5e2a5f5f0da0317cc16f5.js","game_ids.js":"game_ids-3fb681d16e2f4ff18312f47963265585.js","handlebars-v1.3.0.js":"handlebars-v1.3.0-a8ae406a4dc9bd11da913fcfff1c801a.js","index.js":"index-a92afaa983331ab07554b3c08aa004b4.js","levenshtein.js":"levenshtein-570625e221a6d7f3a9b8c6c5504042a2.js","api.css":"api-347884c503365e27df4fde0c7a2c7454.css","categories.css":"categories-347884c503365e27df4fde0c7a2c7454.css","clues.css":"clues-347884c503365e27df4fde0c7a2c7454.css","game_ids.css":"game_ids-347884c503365e27df4fde0c7a2c7454.css","index.css":"index-347884c503365e27df4fde0c7a2c7454.css","scaffolds.css":"scaffolds-f28fb65ec9f3a798bfadfa2fb1973bd9.css","jquery.js":"jquery-2d990d8d6035a22c7e521acd94752c13.js","jquery.min.js":"jquery.min-1ef2f7f3e47c333863ae71129ee73533.js","jquery.min.map":"jquery.min-7e3386565faaaeffc85d4e0a15ed56cf.map","jquery_ujs.js":"jquery_ujs-47068a2703ae9daefde34c1070c12489.js","trebek_small.png":"trebek_small-e47279ff1ed9f42fcdc2fd29cf197742.png","handlebars-helpers.js":"handlebars-helpers-0238a9fb7d0e98a82832c1240aa89c6e.js","moment.min.js":"moment.min-6e9d968800a5a20fd512be23852ddcc7.js","popular.js":"popular-3fb681d16e2f4ff18312f47963265585.js","popular.css":"popular-347884c503365e27df4fde0c7a2c7454.css","_bootstrap-mincer.css":"_bootstrap-mincer-347884c503365e27df4fde0c7a2c7454.css"}}